model,aic,bic
AR(1),1412.1873827243298,1424.8312070195964
"ARMA(1,1)",1414.1684586952745,1431.0268910889633
AR(2),1414.1717896419646,1431.0302220356534
"ARMA(2,1)",1414.8573955498841,1435.930436041995
MA(2),1488.6610723059607,1505.5195046996496
MA(1),1572.841186668813,1585.4850109640795
